SellerSku,Sellable Stock Quantity 1
8809925133297,2
8809572893407,4
8803463003470,4
8809960356293,3
8803463007553,2
8809572891441,2
8800256112234,3
8800256108053,5
8809747962532,3
8809747957095,3
8809747956159,3
8809747956142,3
8803463006853,2
8809875904176,3
8809875904121,3
8809971480017,4
8809875904671,5
8809525930517,5
8809572891731,3
8809517413592,1
8809714721858,2
8809962540553,4
8809962540928,1
8809913830931,5
8809913831310,4
3563454566135,9
8809572891779,2
8809572894022,3
8803463007546,3
8809554961605,0
8809962541024,4
8809962540270,3
8809962540294,2
8809563067770,2
8809782555355,1
8809670681609,3
8809532221783,2
8809640733550,0
8809783325667,3
8809783326725,3
8809652581262,0
8809844997970,3
8809634610959,3
8809634610966,3
8809532221936,7
8809913830603,6
8809962540652,5
8809875907337,4
8809864754126,5
8809738605677,0
8809738599044,1
8809875901120,2
8809572892059,2
8809525934263,6
8809743542684,3
8809913830634,3
8806133615201,3
8809624723102,4
8809572893018,4
8809652581705,5
8803463003487,5
8803463003425,4
8809695678431,2
8809962540768,10
8809782554426,3
8809875908075,3
,0
8809747957279,0
8809747957262,0
8809747957255,0
8809657114779,3
8809968130227,2
8809968130246,6
8809525932740,3
8809525932825,2
8809525931316,3
8809883884002,2
8809960356279,6
8800240579227,1
8809652580685,3
8806133615577,5
8806133616055,2
8806133615584,2
8809968130239,8
8809941820430,0
8809652580210,3
8809652581019,1
8809652580517,3
8809652580036,3
8809652580050,3
,0
8809652581453,1
8809652581484,2
8809695679544,1
8809864753099,2
8809835060379,3
8809835060607,3
8809835060577,3
8809835060584,4
8809981339206,3
8809640734359,2
8809695679315,5
8809913830085,2
8809563103065,3
8809750462708,4
8809783325674,2
8809738600245,3
8809782557298,4
8809481760883,3
8809913830573,10
8809595052836,2
8809525932870,2
8809954942587,2
8809652581774,1
8809652581255,2
8809652580784,3
8809732913600,6
8809962540690,4
8809864759480,2
8809572891427,3
8809572890352,4
8809534173943,2
8809686385416,0
8809849802408,2
8809532221691,0
3862783325711,5
8809572891328,3
8809782555911,2
8809913830245,6
8809835060485,5
8809835060591,3
8809835060447,6
8809835060454,6
8809634610553,8
8809738603406,2
8809738603406,2
8809652583204,1
8803463003449,6
8809695678363,4
8809695674259,5
8809559627490,2
8809684563601,0
8809563067732,3
8809579853091,1
8809962540287,4
8809962540713,6
8809743541489,3
8809738604762,2
8809738607343,3
8809738604755,3
8809576261745,3
8809576262209,3
8809913830610,5
8809525933013,5
8809532221707,0
8809598452442,5
8809525930913,2
8809331315553,4
8809525930890,3
8809595052850,4
8809595052898,4
8809187042108,3
8809525932719,3
8809595052546,4
8809595050610,4
8809525931606,3
8809187048544,2
8809844711996,2
8809844711965,2
8809579853084,1
8809579853107,0
8809738608364,4
8809634610683,2
8809862281457,3
8809652580951,2
8809525930548,2
6802845060096,2
8809835060393,3
8809728080231,3
8809572891847,1
8809913830160,3
8809782558523,6
8809864762398,0
8806133615317,3
8809800941047,3
8809864768123,5
8809572892394,5
8809581452367,1
8809532221813,2
8809525932771,1
8809581074767,10
8809525930531,3
8809652582221,7
8809875904459,3
8809624723119,3
8809638307701,2
8809657118715,1
,0
8809634610560,4
8809634610119,5
8809634610331,3
8809482367364,3
8809800941078,5
8806133614174,2
8809563103072,8
8809783322369,4
8809572892431,3
8809598454545,2
8809921779222,1
8809655951376,0
8809532221349,2
8809913830337,4
8809572892400,4
8809954941276,2
115254900103410013,0
8809563103089,3
8809563100828,2
8809563102600,6
8809738318027,2
8809863720016,4
8809634610157,5
8809598455290,1
8809960356286,1
8809482367296,1
8809782556444,3
8809559624093,2
8809655951451,1
8809576260885,4
8809532221929,5
8809481762252,1
8809187049428,3
8809647391760,4
8809652580456,2
8809563102624,9
8809800940767,2
8809598451070,2
8809566991867,3
,0
8809563100811,2
20000001234,2
8809784601371,2
8809655950089,1
8809115020109,1
8806133614983,4
8809835060072,3
8809482366886,3
8809482366428,2
8809482366435,2
8809634610881,5
,0
8809563100316,5
8809563100804,7
,0
8809563102617,4
8809563102471,7
8809563101023,10
65194999460,3
8809517412908,2
,0
8809506705615,2
8809506705622,2
8809506705639,1
8809738600238,3
8809784602002,3
8809954941498,0
8809572890895,1
8809783322635,9
8809738314678,0
8809862282850,3
8809862281235,3
8809560226460,1
8809657114731,2
8809738600214,2
8809782553009,2
8809647392101,9
8809647392637,2
8809572892066,4
8809634610027,2
8809482367227,1
8809482367333,1
8809532221356,2
8809738600221,2
8809913830269,0
8809652581941,10
8809653238158,2
8809653237922,2
8809653237625,3
8809653237632,3
8809653237465,1
8809653237311,3
8809653237328,2
8809653236994,3
8809653238028,2
8809653236932,2
8809653236949,3
8809653236956,3
8809936582381,4
8809738316139,2
8809532221721,0
8809495680399,3
8809563102617,1
8809884830367,2
8809884830282,2
8809884830374,1
8809862288234,3
8809572891113,0
8809481762108,3
8809481762016,1
8809409342566,1
8809913830283,3
8809186283854,2
8809655950898,0
8809728080309,1
8809728080392,1
8809828414936,2
8809738312872,2
8809835060089,2
8809759907378,2
8809782559643,2
,0
4437083126857,2
6017634441516,3
2137317884967,1
8809647392668,0
8809647390008,8
,0
8809563100705,6
8809563100682,3
8809563100699,3
8809786599904,3
8809954941245,2
8809968200604,2
8809643525169,3
8809567929371,6
8809828412024,3
8809828412048,2
8809786599898,2
8809803519441,0
8809747922048,2
,0
8809151133719,2
8809238963031,3
8809634610249,6
8809644499988,2
8809732911897,3
8809211653232,0
8809572891397,2
8809643523479,1
8809647393801,1
8809576261059,0
4901301416438,3
8809517463733,2
,0
8809747940707,0
8809747940738,1
8809747940752,4
8809862282843,3
8809634610096,2
8809634610140,2
8809115027924,2
8809238962270,3
8809238962263,2
8809238963963,0
8809151133665,1
8809151133320,3
8809695677236,1
8809576261608,2
8809576261387,2
8809784601340,8
8809647393092,3
8809572891601,7
8809572890857,2
8809800940750,0
8809686383566,1
8809686384204,2
8809657114687,0
8809728080071,1
2854127016783,2
5468243464860,2
3252270684740,1
8809782559056,4
8809835060010,4
8809835060225,2
,0
8809652581835,1
8809652580128,4
8809784600183,6
8809504741653,4
8809504742018,2
8809115027917,8
8809844991084,0
8809532221646,1
8809864750333,2
8809750460940,4
8809875903353,1
8809562557043,3
8809647393276,3
8809647392750,2
8809647392774,1
8809647392767,2
8806133615553,3
8809576261691,4
8809576260496,4
8809913830177,4
8809835060171,4
8809913830214,14
,0
8809728080675,1
8809728080637,2
8809728080118,0
8809624727353,1
8809670682101,2
8809647393085,2
8809647393177,2
8809576261868,6
8809576261875,3
8809835060133,2
8809647392866,4
8809647392859,4
8809647392873,5
8809634610058,3
8809835060140,2
8809835060003,1
8809913830047,1
8809576261004,1
8809576260618,6
8809576261196,3
8809576261226,7
713929453382,2
3443551192003,3
3443551192102,8
6916614207886,5
3443551144200,5
8809875906477,6
8809686384228,1
8809864766907,3
8809670682033,2
8809576261882,5
3443551141605,4
8809505030626,3
8809835060157,4
8809835060058,3
8809634610362,2
8809634610034,3
8809634610041,2
8809576261677,3
8809576261660,2
8809576261653,9
8809576261219,9
8809576261318,4
8809835060188,2
8809835060195,0
8809481760777,1
8809481760975,1
8809145478819,3
8809495680122,1
8809495682096,2
8809864752504,2
8809576261714,4
8809835060034,5
8809835060027,2
8809576261417,1
8809738596258,4
8809783323502,2
8809738596265,6
8809738595756,1
8809738315897,3
8809473195655,1
8809670682118,6
,0
8809482366954,2
8809482366947,1
8809482366961,2
8809913830061,12
8809835060041,11
8809030734174,1
8809576261769,4
8809576261738,9
,0
8809576261752,6
8809913830146,9
8809576261462,4
8809576261646,5
8809576261455,1
7640164570891,0
8809576261486,8
8809576260946,0
8809576261141,5
8809482366909,3
8809482365872,3
8809576261165,3
3770013123047,6
3770013123054,4
3770013123153,0
3770013123146,4
3770013123139,0
8809803509428,2
8809634850058,0
8809782554884,3
8809482366930,1
8809576261615,6
8809576261134,7
8809576261493,0
8809864752689,5
8809572891243,3
8809340386056,2
8806334382766,4
8806334388447,2
8806334381707,1
8809481761378,3
8809495682287,2
8809576261202,16
8809864766884,5
8809576260489,0
8809576261233,3
8809803509466,2
8809747940103,3
8809747941544,0
8809576261592,12
8809482365940,1
7640164572734,0
,1
8809576261073,1
8809747940080,1
8809747940073,2
8809747940097,1
8809747940110,1
8809579859154,2
8809747939992,2
8809416470306,1
8806334369439,2
8806334379759,3
8806334374334,5
8806334374358,5
8806334374341,5
8806334386740,2
8806334379582,7
115254900103300017,4
849980036629,2
849980048417,2
849980048479,4
849980046772,4
849980046642,6
849980043085,2
8809340382379,0
8809340382386,5
8809340384236,0
8809340382393,5
8809340385912,3
8809340385943,2
,0
8809340384960,1
8809340385349,2
8809340385424,3
8809340385769,5
8809340385684,3
8809340385080,3
849980049513,10
8809738316993,1
8809670682071,2
8809670682088,2
8809803507189,0
8809846450022,2
8809846450039,3
8809990124626,4
8809990124602,1
7640164573618,2
7640164573588,1
8809747939978,1
8809747939985,1
8809747940004,1
8809685838425,2
8809747940011,2
8809747941926,2
8809803530187,1
8809586970323,6
8809586970200,1
8809586970422,10
8803348045335,4
8803348047483,1
8809340383536,7
8809340380306,3
8809340380313,5
8809340385967,1
8809340385073,6
8809340384465,2
8809782557113,0
8809738594315,1
8809340384168,1
8809340380023,4
8809340382843,3
7640164572154,4
8809685838432,1
8809657114960,9
8809525246014,9
8809738316986,0
8809482365865,2
8809803502931,1
8809586970378,0
8809586970187,1
8809586970194,6
8809586970293,6
8809586970231,2
8809586970415,2
8809229842505,2
8809229842796,4
849980046499,4
849980067067,5
5745000074099,5
5745000074068,5
5745000074082,4
5745000074075,5
5745000074020,5
5745000074013,5
5745000074044,5
8809340385097,9
8809340384809,6
8803348040903,0
8809598454354,3
KBS-LAN-3,1
8809629270205,1
8809576261622,3
8809598452060,2
8809454980034,1
8809454980027,2
8809875902578,6
8809579853114,1
8809579858508,0
4740000008311,3
8809579858478,0
8809685807704,5
8809238962881,3
8809685753506,5
8809747932528,3
8809598453043,2
8809627010308,0
8809627010353,0
8809627010001,4
8809627010292,2
8809115023551,6
8809634850577,1
8809634850027,0
,0
8809151133573,3
8809151133573,3
8809151139438,1
8809151134358,3
8809151130091,4
8809151132743,2
8809635330450,3
8809485978574,0
8809485978499,2
8809482366329,3
8809747932535,1
8809378631029,1
8809634850362,1
8809634850386,3
8809634850393,0
8809485978505,5
8809485978512,1
8809229842499,2
8809378631326,3
8809378631630,3
8809151133658,1
8809151133566,1
8809151133542,4
8809151131715,0
8809151132545,7
8809151132750,2
8809635330511,1
8809635330139,9
8809635330245,14
8809635330313,0
8809635330306,5
8809635330399,3
8809635330023,1
8809635330924,1
8809635330917,4
8809635330191,5
8809635330795,4
8809635330153,4
8809635330009,5
8809635330016,5
8809482366336,3
8809635330030,5
8809635330047,4
8809635330634,5
8809635330184,3
8809635330108,2
8809635330214,5
8809635330627,4
8809635330115,2
8809635330788,5
8809635330092,4
8809635330085,2
8809635330054,3
KBFRUDIAPORE,0
KBFRUDIABL01,0
KBFRUDIACIT01,5
KBFRUDIAPOM01,9
8809151133603,3
8809151133511,2
8809635330061,2
8809635330078,0
8809186775427,2
8809186775533,0
8809151133672,2
8809151133672,0
8809581452329,2
849980055309,1
849980055309,0
8803348047193,0
8806334374952,5
8803348036944,15
8803348036913,5
8803348039914,11
8803348039907,7
8803348047537,9
8803348036890,6
8803348037309,8
8806334386146,0
8806334386153,2
8806334341244,1
8806334336332,1
8806334336349,0
8806334377328,6
8803348039945,1
8803348039938,0
711745518391,5
8803348033516,11
8803348045373,4
8803348033523,0
8803348031086,1
8803348033561,0
8803348035114,9
8803348030157,0
8803348031673,9
8803348033509,2
8803348031079,9
8803348045342,8
8803348033776,9
8803348033745,3
8803348036647,0
8803348036975,6
8803348036630,5
8809548590132,3
8809663751555,1
8809663751562,1
8809238960276,4
8803348036241,9
8809151138875,1
8809151139032,1
8809151139117,2
8809738316146,4
8809653245316,0
8809550645554,0
8809550645547,0
8806334383435,8
8803348047759,7
8806164176986,5
8809747922031,1
KBHOLIKAKIWI,1
8803348033752,1
8803348032069,7
8803348033554,8
8803348031062,7
8803348030188,10
8803348030140,10
8803348035107,7
8806334377311,2
8806334377335,5
KBCHATELIER1,3
8803348037064,11
849980047878,1
8803348030195,1
4262357590122,3
,0
4262357590009,0
4262357590030,0
4262357590016,1
,0
4262357590078,0
4262357590061,2
4262357590085,2
8803348047735,2
8806334365127,0
8806334364410,1
8803348045731,9
8803348045755,8
8803348045748,5
8809239801820,0
8809598453579,3
8809563100088,2
8809563100095,5
8809563100347,5
8809563100149,8
8809563100125,3
8809563100385,6
8809563100378,7
8809563100101,6
8806334387105,2
8806334374198,4
8806334369453,4
8806334369514,6
8806334376079,7
8806334379919,4
8806334379902,6
8806334374969,7
8806334369460,3
8806334369477,8
8806334333331,3
8806334387112,11
8806334387136,8
8806334387143,1
8806164158845,1
8806334388430,1
8806334386344,6
8806334385705,5
8803348030171,6
8803348032069,0
8803348035718,7
8803348042525,3
7640166128731,3
4710006054032,6
3490720023620,5
3490720023644,5
3490720023637,5
3490720023613,5
3389739184333,8
3389739184340,4
3490720018992,5
4710006053653,8
4710006053660,7
3490720018916,2
4710006053592,1
4710006053721,4
4710006053615,1
4710006053738,8
4710006053929,5
4710006054049,4
8809480780769,0
8809634850003,3
8809663752668,0
8809743540420,3
8809416470016,5
8809416471655,6
8809238960368,4
8809548591238,0
8809548590149,0
4260719120055,22
4260719120048,16
4260719120031,31
8809670681135,9
8809670680794,5
8809670680787,11
8213018008407,9
8809229843540,4
8809229843991,3
8809229843496,3
8809378631036,2
8809229843762,3
8809229843922,6
8809229843939,4
8809229843106,1
8809229843366,4
8809229843359,5
8809229843113,2
8809229843397,3
8809229843373,4
8809527484964,4
8809085104670,2
,0
8809344229236,2
8809344229243,2
8809344229250,0
8809344229229,3
8809344229267,2
8809292441605,3
8809292441599,4
8809085102263,3
8809292441292,1
8809527480355,1
3443551141155,2
3443551142527,0
,0
8809566991584,2
8809566990938,2
8809416470009,3
8806158552901,2
8809670680992,2
8809670680848,8
8809670680824,9
8809670680961,2
8809670681395,3
8809670680831,4
8809670680879,5
8809670681159,3
7640164570815,5
,InStock
,InStock
,InStock
,InStock
,InStock
8050593960030,3
8050593960023,2
8050593960016,6
8050593960009,3
7640164573267,2
7640164572963,5
7640164570037,0
8712203714548,4
8720299796164,4
8809670681036,3
8809670681524,4
8809527480553,4
8809085105325,3
8809527482830,4
8806133615058,2
8806133614778,3
8806133615188,0
8705662079365,1
5430001799019,5
8809657114953,1
8809525249565,1
8809738312728,7
8809738310960,2
8809782555508,6
7640164570006,0
,0
7640164570655,9
7640164573540,2
7640164572963,4
7640164573540,5
7640164573564,2
7640164570051,11
7640164572468,21
8720299796157,4
8809670681579,1
8809670681586,1
8809328355005,2
8809328354992,3
8809328355012,2
8809486681282,0
8730767860716,4
8779670349321,1
8809576261172,6
8809576261189,2
8809576260724,5
8809576260717,3
8809576260700,4
8809576260601,15
8809576261127,14
8809576260205,9
8809576260441,4
8809615055700,2
8809615055717,4
KBSNACIFIC03,1
KBSNACIFIC02,1
8809343763144,4
8809747922208,3
8809747922192,1
8809747922185,1
8809151133184,3
8809643546126,1
8809331318349,3
8809579859680,2
KBSNACIFIC01,0
KBSCLIV-1235,0
KBSCLIV-1234,2
7407612581867,2
8809517460978,0
8809079203211,2
8809581460454,2
8809579859642,2
8809579852841,0
8809579859192,3
8809579858461,2
8809579859130,0
8809747922017,2
8806150646028,0
8809643527019,3
8809532220908,4
5060451730142,1
50604517230289,1
5060451730036,2
5060451730296,4
5060451730043,4
5060451730265,4
5060451730067,3
5060451730487,0
5060451730340,0
5060451730159,0
7640164570686,0
7640164570457,7
7640164570525,0
7640164570969,6
7640164571614,16
7640164572369,7
7640164570266,6
7640164570020,5
7640164572215,0
7640164573168,7
7640164572949,4
SAMPARKBS001,3
822449940514,1
LUNEIAKBS-001,4
5060700110046,3
5060700110039,3
5060700110008,5
6429810541031,2
6429810541000,9
3443551140912,2
3443551140103,3
3443551140707,3
701341031806,3
3443551143708,1
3443551144002.,4
3443551140806,4
3770014491138,8
3770014491169,6
3770014491114,7
3770014491145,8
3443551141704,2
3443551140356,4
3443551140608,0
3443551143302,0
3443551141902,2
,0
4150566258509,15
3443551141001,5
3443551141155,5
3443551143203,3
3443551143500,4
,0
6170578277877,13
3443551143807,2
3760163501062,2
3730163501642,2
3760163501154,1
3770006669002,10
8809083997106,1
8809481760791,0
8809572890864,0
8809572890468,5
8809572890901,0
8809572890994,2
DRJART001,0
8809532220953,3
8809561820322,0
8809481760463,7
8809532220885,2
8809532220724,3
CHATELIER-01,InStock
CHATELIER-02,InStock
5430001799057,1
BE5005SK,1
5430001799026,5
5430001799002,8
3770013123030,3
3770013123023,0
629700084829,2
6684533063844,4
13369032441915,2
33604357095483,6
13354762666043,8
6684528115876,0
852806005075,2
852806005389,2
852806005310,3
852806005570,3
852806005518,2
852806005020,3
85280600539,2
852806005419,4
8012901706167,4
3701382700010,3
3701382700027,3
3701382700003,3
3701403200017,5
3701403200000,2
3700627601785,2
3700627601778,3
8719326617039,2
,0
8719326617060,1
8719326617077,7
,0
8719326617084,6
8719326617053,1
,0
8719326617046,1
8719326617091,5
8809567925205,0
8809567925182,1
8809567925199,2
6297000848099,4
6297000848112,3
6297000848037,1
KBJYLOR-0002,3
,2
KBJYLOR-0001,1
6297000848068,1
6297000848075,1
6297000848006,3
6297000848013,2
6297000848310,1
6297000848303,2
6297000848020,3
8798445311516,1
8720927863077,8
8739432900801,1
,0
8766950981494,4
8745322542440,5
8769391253984,4
8710401634545,3
KBSHANGPREE003,4
8809789570023,2
8809738311790,1
8809496203320,2
8809624727773,1
8809145477461,2
8809496203788,0
8809743540352,0
8809480781827,0
8809480783944,0
8809480780318,0
8809482365384,0
8809482365438,3
8806190718020,1
8809482365445,3
711745520769,2
8809647393245,7
8809384921381,3
8809653244982,1
8809566990747,1
8809548590026,7
8809548590125,5
8809548590460,0
8809548590453,0
KBNEOGEN001,2
8809634850089,3
8809634850072,1
4186321922361,InStock
KBMIZON-0001,4
8809634850010,0
8809566991676,3
8809540510169,0
KBMISSHA-001,7
,1
8809083996901,2
8809083996345,0
8809624721191,0
KBCREMOR-003,1
6126776284681,4
8895572063407,2
KBKLAVUU-012,2
KBPUREFO-001,3
KBPUREFO-002,3
8809083995447,7
8809530066164,0
,0
609613848155,3
792679703114,2
609613848186,2
609613848179,0
KBCREMOR-001,2
KBCREMOR-004,2
KBCREMOR-005,1
KBCREMOR-007,2
8809343763441,0
8809343763359,1
8809343762062,2
8809343763519,0
8809343761997,1
8809563063673,0
8809563064823,3
8809635720350,1
8809686388325,0
8809559620644,4
8809122743626,3
8809598451407,4
8809481761095,0
4931449424200,2
8806133614037,0
8809099646234,0
8809099646258,1
8809480781926,0
8809480781933,0
8809480781094,0
8809480781575,0
8809480780004,0
,0
8765456748987654567,1
8240502381500,1
8809647391005,2
8806125402130,0
8806125402147,0
8806364019328,1
8806133614556,0
8809598450907,0
8809657126802,1
8809647393238,2
8809579852902,0
8809393401096,0
8809343763236,1
8809343763311,0
8809343762086,0
8809343763472,1
8809511984241,1
KBBEAUTYBOX1,0
8806173453467,InStock
8809343763700,2
8809643529815,0
8809608308950,0
8809211655564,1
,0
8809211655984,0
8809211655977,0
8809647390558,1
8809635720626,0
8809242195206,6
8809483315128,1
KBTOOCOLSC02,InStock
8809572890062,1
8809572890581,0
8809572890321,0
8809083995423,7
8809647393221,2
8809647390480,3
8809647393436,1
8809647390305,3
8809608308936,2
8809560223728,3
8809560223742,4
8809153408679,1
8809560221137,1
8809624503193,0
8809331317977,0
8809222847101,4
8809083995430,0
8809695360626,0
8809643084901,1
8809416470047,7
8809624725885,1
8809624729265,0
8809083995386,1
8809083996284,6
8809222849396,0
8809747928699,0
8809747928712,1
8809083995379,1
8809236796617,0
8809083996598,0
8809560226378,2
711745528840,3
,InStock
KBDOSSIER002,InStock
KBDOSSIER003,InStock
8809563061846,1
8809305990151,0
8809517461456,1
,0
KBDOSSIER004,8
KBDOSSIER005,6
KBG9SKIN-001,0
8809211654604,1
8809211655502,0
KBSBENT001,0
8809643054720,0
8809153401649,1
8809486680698,2
8806334355302,1
8809495680498,4
8809566991386,2
8809657840029,1
KSPYYUL-0002,3
KBMISSHA-006,0
880903073337,1
8809381444876,4
8809085957283,7
8809480782343,0
8809480782367,0
KBBEAUTYBOX9,InStock
,1
KBTOOCOLSC03,0
KBTOOCOLSC04,2
KBTOOCOLSC01,1
KBKLAVUU-004,0
KBKLAVUU-011,1
8806185783996,1
SKU-LAN-0003,2
SKU-LAN-0005,0
8801427324500,6
8809240766378,1
8809481760678,7
8809482363038,0
8809482360198,3
8809343762383,0
8809343763120,2
8809343761270,2
8809343763045,0
,0
KBMISSHA-011,0
KBMISSHA-010,2
KBMISSHA-012,2
8809480780707,0
8809480780011,0
8809480782381,0
KBKLAVUU-006,1
KBKLAVUU-007,OutOfStock
KBKLAVUU-008,0
KBKLAVUU-009,0
,0
,0
8809482363502,0
,0
8809482363557,0
889810214018,4
8809297211456,2
8809145474712,2
8809222846425,1
8803348038580,0
8809402287383,1
8809581451476,0
8809581452312,0
8809532441402,1
8809532444397,1
8809211652624,0
8809566991713,2
8809482360105,1
8809482360136,2
8809482360167,1
8809482360075,0
,0
8809482363250,0
8809482363243,0
8809482360303,0
8809482362437,2
8809482360006,0
8809482361683,0
8809222849129,0
8809563062614,0
8809516825297,0
KBS-RUTINA-8,InStock
KBS-KIT-007,InStock
KBS-RUTINA-6,InStock
KBS-RUTINA-1,InStock
KBS-KIT-006,InStock
KBS-KIT-005,InStock
KBS-RUTINA-3,InStock
KBS-KIT-004,InStock
KBS-RUTINA-4,InStock
KBS-RUTINA-2,InStock
KBS-RUTINA-5,InStock
KBS-KIT-001,InStock
KBS-KIT-003,InStock
KBS-RUTINA-7,InStock
KBS-KIT-002,InStock
8809532445165,0
8809381442469,0
8809381442452,2
8809540510183,0
8809535806987,3
809572890222,0
8809416470245,5
8809416471396,2
8809331317984,0
8809331317960,0
8809223668859,0
,0
8809747940721,3
8809747940776,1
8806185793117,3
887222966822,0
8809416470559,4
8809685797173,4
8809211653546,6
8809566991720,1
8809443251008,2
8809211652662,4
8809416470184,2
8809416470030,2
8809115025012,1
8809211652648,4
8809486680056,3
8809566991737,2
8809115025234,0
8809416470030,6
8809381444227,0
8809381444234,1
8809416470511,2
8809393401690,OutOfStock
8809540510251,2
8809211652815,3
8809381442483,0
8809381442476,1
8809115025937,2
8801942030191,1
8809663751593,0
8809115025050,5
8809211652655,6
8809381445286,4
8809331319346,8
8809572890291,2
8809416470368,1
8809211652563,3
8809540510176,3
8809115024046,1
8809381441752,3
8809271672174,0
8809416470726,1
880927167181,8
8809535802088,0
8809535802057,0
8809535802064,0
8809271673898,1
8809271672181,6
8809535802071,0
8809211652877,0
8809305998751,2